id	user_id	name	duration	created_at	deleted_at	created_by	deleted_by	inactive_status	form_id	color	color_dark	color_medium	color_clear	intercom_cancel	sms_cancel	sms_cancel_hours	intercom_cancel_hours	do_not_call	check_resource_overlap	client_portal
2037	195	Paper MH Evaluation	60	2023-04-21 14:05:21	2026-02-17 15:45:35	NULL	1	1	199	#ff0000	#330000	#ff0000	#ffb2b2	NULL	NULL	NULL	NULL	0	0	1
2038	195	Paper OWI Evaluation	60	2023-04-21 14:05:22	2026-02-17 15:45:35	NULL	1	1	198	#e2f202	#2f3200	#ecfc02	#f9feb3	NULL	NULL	NULL	NULL	0	0	1
1796	181	Paper SU/MH Evaluation	60	2022-10-25 20:03:16	2026-02-17 15:45:34	NULL	1	1	197	#1157e4	#03122f	#115aed	#b7cdf9	0	0	NULL	NULL	0	0	1
1798	181	Paper OWI Evaluation	60	2022-10-25 20:03:16	2026-02-17 15:45:34	NULL	1	1	198	#e2f202	#2f3200	#ecfc02	#f9feb3	0	0	NULL	NULL	0	0	1
1914	192	Paper SU/MH Evaluation	60	2023-01-24 19:14:48	2026-02-17 15:45:34	NULL	1	1	197	#1157e4	#03122f	#115aed	#b7cdf9	NULL	NULL	NULL	NULL	0	0	1
1915	192	Paper MH Evaluation	60	2023-01-24 19:14:48	2026-02-17 15:45:34	NULL	1	1	199	#ff0000	#330000	#ff0000	#ffb2b2	NULL	NULL	NULL	NULL	0	0	1
1916	192	Paper OWI Evaluation	60	2023-01-24 19:14:48	2026-02-17 15:45:34	NULL	1	1	198	#e2f202	#2f3200	#ecfc02	#f9feb3	NULL	NULL	NULL	NULL	0	0	1
1748	173	Paper SU/MH Evaluation	60	2022-10-06 13:47:29	2026-02-17 15:45:34	NULL	1	1	197	#1157e4	#03122f	#115aed	#b7cdf9	0	0	NULL	NULL	0	0	1
1749	173	Paper MH Evaluation	60	2022-10-06 13:47:29	2026-02-17 15:45:34	NULL	1	1	199	#ff0000	#330000	#ff0000	#ffb2b2	0	0	NULL	NULL	0	0	1
2036	195	Paper SU/MH Evaluation	60	2023-04-21 14:05:21	2026-02-17 15:45:34	NULL	1	1	197	#1157e4	#03122f	#115aed	#b7cdf9	NULL	NULL	NULL	NULL	0	0	1
1335	92	Paper SU/MH Evaluation	60	2022-07-05 22:42:15	2026-02-17 15:45:33	NULL	1	1	197	#1157e4	#03122f	#115aed	#b7cdf9	0	0	NULL	NULL	0	0	1
1336	92	Paper MH Evaluation	60	2022-07-05 22:42:15	2026-02-17 15:45:33	NULL	1	1	199	#ff0000	#330000	#ff0000	#ffb2b2	0	0	NULL	NULL	0	0	1
1337	92	Paper OWI Evaluation	60	2022-07-05 22:42:15	2026-02-17 15:45:33	NULL	1	1	198	#e2f202	#2f3200	#ecfc02	#f9feb3	0	0	NULL	NULL	0	0	1
2217	106	Paper SU/MH Evaluation	60	2023-08-28 18:02:30	2026-02-17 15:45:33	NULL	1	1	197	#1157e4	#03122f	#115aed	#b7cdf9	0	0	NULL	NULL	0	0	1
1364	87	Paper MH Evaluation	60	2022-07-05 22:49:47	2026-02-17 15:45:32	NULL	1	1	199	#ff0000	#330000	#ff0000	#ffb2b2	0	0	NULL	NULL	0	0	1
1391	76	Paper SU/MH Evaluation	60	2022-07-05 22:58:11	2026-02-17 15:45:32	NULL	1	1	197	#1157e4	#03122f	#115aed	#b7cdf9	0	0	NULL	NULL	0	0	1
1393	76	Paper OWI Evaluation	60	2022-07-05 22:58:11	2026-02-17 15:45:32	NULL	1	1	198	#e2f202	#2f3200	#ecfc02	#f9feb3	0	0	NULL	NULL	0	0	1
1407	82	Paper SU/MH Evaluation	60	2022-07-05 23:02:14	2026-02-17 15:45:32	NULL	1	1	197	#1157e4	#03122f	#115aed	#b7cdf9	0	0	NULL	NULL	0	0	1
1289	16	Paper SU/MH Evaluation	60	2022-07-05 22:27:32	2026-02-17 15:45:31	NULL	1	1	197	#1157e4	#03122f	#115aed	#b7cdf9	0	0	NULL	NULL	0	0	1
1290	16	Paper MH Evaluation	60	2022-07-05 22:27:32	2026-02-17 15:45:31	NULL	1	1	199	#ff0000	#330000	#ff0000	#ffb2b2	0	0	NULL	NULL	0	0	1
1349	14	Paper MH Evaluation	60	2022-07-05 22:48:01	2026-02-17 15:45:30	NULL	1	1	199	#ff0000	#330000	#ff0000	#ffb2b2	0	0	NULL	NULL	0	0	1
1712	12	Paper SU/MH Evaluation	60	2022-09-28 13:21:06	2026-02-17 15:45:30	NULL	1	1	197	#1157e4	#03122f	#115aed	#b7cdf9	0	0	NULL	NULL	0	0	1
1714	12	Paper OWI Evaluation	60	2022-09-28 13:21:06	2026-02-17 15:45:30	NULL	1	1	198	#e2f202	#2f3200	#ecfc02	#f9feb3	0	0	NULL	NULL	0	0	1
453	1	Individual Therapy	60	2022-06-21 14:34:06	2026-02-16 13:35:40	NULL	NULL	1	259	#b7f708	#243101	#b6f707	#e9fcb4	0	0	NULL	NULL	0	0	1
1296	135	Paper SU/MH Evaluation	60	2022-07-05 22:31:48	2026-02-03 21:19:33	NULL	1	1	197	#1157e4	#03122f	#115aed	#b7cdf9	NULL	NULL	NULL	NULL	0	0	1
1298	135	Paper OWI Evaluation	60	2022-07-05 22:31:48	2026-02-03 21:19:33	NULL	1	1	198	#e2f202	#2f3200	#ecfc02	#f9feb3	NULL	NULL	NULL	NULL	0	0	1
1847	187	Non-ICM ProgNote	60	2022-11-30 15:43:01	2026-01-06 14:35:44	NULL	NULL	1	151	#6f9cd8	#0a1728	#3675c8	#c2d5ee	0	0	NULL	NULL	0	0	1
1846	187	IHH Contact 	60	2022-11-30 15:42:55	2026-01-06 14:35:38	NULL	NULL	1	45	#aed6ea	#0a1e28	#3498ca	#c2e0ef	0	0	NULL	NULL	0	0	1
1845	187	IHH ICM Monthly Contact	60	2022-11-30 15:42:55	2026-01-06 14:35:34	NULL	NULL	1	34	#f10909	#310101	#f50909	#fcb5b5	0	0	NULL	NULL	0	0	1
1285	46	Paper SU/MH Evaluation	60	2022-07-05 22:26:04	2025-11-07 17:24:38	NULL	1	1	197	#1157e4	#03122f	#115aed	#b7cdf9	0	0	NULL	NULL	0	0	1
1286	46	Paper MH Evaluation	60	2022-07-05 22:26:04	2025-11-07 17:24:38	NULL	1	1	199	#ff0000	#330000	#ff0000	#ffb2b2	0	0	NULL	NULL	0	0	1
1287	46	Paper OWI Evaluation	60	2022-07-05 22:26:04	2025-11-07 17:24:38	NULL	1	1	198	#e2f202	#2f3200	#ecfc02	#f9feb3	0	0	NULL	NULL	0	0	1
1957	174	Esketamine Return	30	2023-02-14 18:59:30	2025-09-25 13:14:29	NULL	NULL	1	103	#03a9f4	#002232	#03aefb	#b3e6fe	0	0	NULL	NULL	0	0	1
32	1	Assessment	60	2022-04-13 16:46:28	2025-09-24 17:52:01	NULL	NULL	1	234	#ffeb3b	#332d00	#ffe400	#fff7b2	0	0	NULL	NULL	0	0	1
2251	1	OPT-Medicare-PR	60	2023-10-13 20:09:19	2025-09-18 17:28:50	NULL	NULL	1	162	#888888	#191919	#7f7f7f	#d8d8d8	0	0	NULL	NULL	0	0	1
380	1	Nurse Visit	30	2022-06-20 17:21:51	2025-09-18 17:27:44	NULL	NULL	1	18	#888888	#191919	#7f7f7f	#d8d8d8	0	0	NULL	NULL	0	0	1
382	1	Injection	15	2022-06-20 17:21:51	2025-09-18 17:24:54	NULL	NULL	1	194	#fd0808	#320000	#fc0202	#feb3b3	0	0	NULL	NULL	0	0	1
379	1	Med Follow-up Visit	30	2022-06-20 17:21:51	2025-09-18 17:24:41	NULL	NULL	1	97	#888888	#191919	#7f7f7f	#d8d8d8	0	0	NULL	NULL	0	0	1
378	1	Psych Evaluation	60	2022-06-20 17:21:51	2025-09-18 17:24:37	NULL	NULL	1	89	#18e7b3	#042e23	#18e7b3	#b9f7e8	0	0	NULL	NULL	0	0	1
377	1	Intake	60	2022-06-20 17:21:38	2025-09-18 17:24:31	NULL	NULL	1	139	#d27f7f	#250d0d	#bc4242	#ebc6c6	0	0	NULL	NULL	0	0	1
38	1	Interpretive Summary	60	2022-04-27 16:34:27	2025-09-18 17:24:24	NULL	NULL	1	90	#888888	#191919	#7f7f7f	#d8d8d8	0	0	NULL	NULL	0	0	1
3058	139	Gambling Evaluation	90	2025-04-21 14:53:27	2025-04-21 16:15:01	NULL	NULL	1	90	#3f51b5	#0d1025	#4154bd	#c6cbeb	0	0	NULL	NULL	0	0	1
1621	139	SU/MH Evaluation	60	2022-08-16 16:47:09	2025-04-21 16:14:59	NULL	NULL	1	90	#1157e4	#03122f	#115aed	#b7cdf9	0	0	NULL	NULL	0	0	1
3057	139	MH Evaluation	90	2025-04-21 14:53:27	2025-04-21 16:14:55	NULL	NULL	1	90	#9c27b0	#250929	#b92ed0	#eac0f1	0	0	NULL	NULL	0	0	1
3074	263	Gambling Evaluation	90	2025-04-21 14:53:28	2025-04-21 16:14:41	NULL	NULL	1	90	#3f51b5	#0d1025	#4154bd	#c6cbeb	0	0	NULL	NULL	0	0	1
3073	263	MH Evaluation	90	2025-04-21 14:53:28	2025-04-21 16:14:38	NULL	NULL	1	90	#9c27b0	#250929	#b92ed0	#eac0f1	0	0	NULL	NULL	0	0	1
2630	263	SU/MH Evaluation	60	2024-08-15 18:30:02	2025-04-21 16:14:33	NULL	NULL	1	90	#1157e4	#03122f	#115aed	#b7cdf9	0	0	NULL	NULL	0	0	1
1049	135	SU/MH Evaluation	90	2022-06-24 18:39:38	2025-04-21 16:14:25	NULL	NULL	1	90	#1157e4	#03122f	#115aed	#b7cdf9	0	0	NULL	NULL	0	0	1
3055	131	Gambling Evaluation	90	2025-04-21 14:53:27	2025-04-21 16:14:15	NULL	NULL	1	90	#3f51b5	#0d1025	#4154bd	#c6cbeb	0	0	NULL	NULL	0	0	1
3054	131	OWI Evaluation	90	2025-04-21 14:53:27	2025-04-21 16:14:13	NULL	NULL	1	90	#ffeb3b	#332d00	#ffe400	#fff7b2	0	0	NULL	NULL	0	0	1
3053	131	MH Evaluation	90	2025-04-21 14:53:27	2025-04-21 16:14:10	NULL	NULL	1	90	#9c27b0	#250929	#b92ed0	#eac0f1	0	0	NULL	NULL	0	0	1
3021	131	SU/MH Evaluation	90	2025-04-18 01:46:33	2025-04-21 16:14:08	NULL	NULL	1	90	#1157e4	#03122f	#115aed	#b7cdf9	0	0	NULL	NULL	0	0	1
3065	229	Gambling Evaluation	90	2025-04-21 14:53:28	2025-04-21 16:11:03	NULL	NULL	1	90	#3f51b5	#0d1025	#4154bd	#c6cbeb	0	0	NULL	NULL	0	0	1
3064	229	OWI Evaluation	90	2025-04-21 14:53:27	2025-04-21 16:10:58	NULL	NULL	1	90	#ffeb3b	#332d00	#ffe400	#fff7b2	0	0	NULL	NULL	0	0	1
3063	229	MH Evaluation	90	2025-04-21 14:53:27	2025-04-21 16:10:55	NULL	NULL	1	90	#9c27b0	#250929	#b92ed0	#eac0f1	0	0	NULL	NULL	0	0	1
3020	229	SU/MH Evaluation	90	2025-04-18 01:46:25	2025-04-21 16:10:53	NULL	NULL	1	90	#1157e4	#03122f	#115aed	#b7cdf9	0	0	NULL	NULL	0	0	1
3027	15	Gambling Evaluation	90	2025-04-21 14:53:25	2025-04-21 16:10:39	NULL	NULL	1	90	#3f51b5	#0d1025	#4154bd	#c6cbeb	0	0	NULL	NULL	0	0	1
3026	15	OWI Evaluation	90	2025-04-21 14:53:25	2025-04-21 16:10:37	NULL	NULL	1	90	#ffeb3b	#332d00	#ffe400	#fff7b2	0	0	NULL	NULL	0	0	1
1315	15	Medicare Evaluation	60	2022-07-05 22:37:22	2025-04-21 16:10:28	NULL	NULL	1	193	#262121	#1b1717	#887676	#dbd6d6	0	0	NULL	NULL	0	0	1
1009	15	SU/MH Evaluation	90	2022-06-24 18:33:13	2025-04-21 16:10:24	NULL	NULL	1	90	#1157e4	#03122f	#115aed	#b7cdf9	0	0	NULL	NULL	0	0	1
3030	18	Gambling Evaluation	90	2025-04-21 14:53:25	2025-04-21 16:10:10	NULL	NULL	1	90	#3f51b5	#0d1025	#4154bd	#c6cbeb	0	0	NULL	NULL	0	0	1
3029	18	OWI Evaluation	90	2025-04-21 14:53:25	2025-04-21 16:10:07	NULL	NULL	1	90	#ffeb3b	#332d00	#ffe400	#fff7b2	0	0	NULL	NULL	0	0	1
3028	18	MH Evaluation	90	2025-04-21 14:53:25	2025-04-21 16:10:05	NULL	NULL	1	90	#9c27b0	#250929	#b92ed0	#eac0f1	0	0	NULL	NULL	0	0	1
3019	18	SU/MH Evaluation	90	2025-04-18 01:45:43	2025-04-21 16:10:02	NULL	NULL	1	90	#1157e4	#03122f	#115aed	#b7cdf9	0	0	NULL	NULL	0	0	1
3086	311	Gambling Evaluation	90	2025-04-21 14:53:29	2025-04-21 16:09:56	NULL	NULL	1	90	#3f51b5	#0d1025	#4154bd	#c6cbeb	0	0	NULL	NULL	0	0	1
3085	311	OWI Evaluation	90	2025-04-21 14:53:29	2025-04-21 16:09:50	NULL	NULL	1	90	#ffeb3b	#332d00	#ffe400	#fff7b2	0	0	NULL	NULL	0	0	1
3084	311	MH Evaluation	90	2025-04-21 14:53:29	2025-04-21 16:09:47	NULL	NULL	1	90	#9c27b0	#250929	#b92ed0	#eac0f1	0	0	NULL	NULL	0	0	1
3010	311	SU/MH Evaluation	90	2025-04-16 13:35:56	2025-04-21 16:09:44	NULL	NULL	1	90	#1157e4	#03122f	#115aed	#b7cdf9	0	0	NULL	NULL	0	0	1
3072	259	MH Evaluation	90	2025-04-21 14:53:28	2025-04-21 16:09:34	NULL	NULL	1	90	#9c27b0	#250929	#b92ed0	#eac0f1	0	0	NULL	NULL	0	0	1
2583	259	SU/MH Evaluation	90	2024-08-15 17:55:33	2025-04-21 16:09:29	NULL	NULL	1	90	#1157e4	#03122f	#115aed	#b7cdf9	0	0	NULL	NULL	0	0	1
1067	16	SU/MH Evaluation	90	2022-06-24 22:21:16	2025-04-21 16:09:03	NULL	NULL	1	90	#1157e4	#03122f	#115aed	#b7cdf9	0	0	NULL	NULL	0	0	1
3083	310	Gambling Evaluation	90	2025-04-21 14:53:29	2025-04-21 16:08:44	NULL	NULL	1	90	#3f51b5	#0d1025	#4154bd	#c6cbeb	0	0	NULL	NULL	0	0	1
2891	310	SU/MH Evaluation	90	2025-01-15 15:01:25	2025-04-21 16:08:34	NULL	NULL	1	90	#1157e4	#03122f	#115aed	#b7cdf9	0	0	NULL	NULL	0	0	1
2868	305	Gambling Evaluation	90	2024-12-10 15:56:12	2025-04-21 16:07:19	NULL	NULL	1	192	#20b602	#083200	#2cfc02	#bffeb3	0	0	NULL	NULL	0	0	1
2867	305	SU/MH Evaluation	90	2024-12-10 15:56:12	2025-04-21 16:07:14	NULL	NULL	1	90	#1157e4	#03122f	#115aed	#b7cdf9	0	0	NULL	NULL	0	0	1
2866	305	MH Evaluation	90	2024-12-10 15:56:12	2025-04-21 16:07:11	NULL	NULL	1	185	#ff0000	#330000	#ff0000	#ffb2b2	0	0	NULL	NULL	0	0	1
2865	305	OWI Evaluation	90	2024-12-10 15:56:12	2025-04-21 16:07:09	NULL	NULL	1	139	#e2f202	#2f3200	#ecfc02	#f9feb3	0	0	NULL	NULL	0	0	1
3076	291	Gambling Evaluation	90	2025-04-21 14:53:28	2025-04-21 16:07:02	NULL	NULL	1	90	#3f51b5	#0d1025	#4154bd	#c6cbeb	0	0	NULL	NULL	0	0	1
2697	291	SU/MH Evaluation	90	2024-10-08 21:34:03	2025-04-21 16:06:59	NULL	NULL	1	90	#1157e4	#03122f	#115aed	#b7cdf9	0	0	NULL	NULL	0	0	1
3062	195	Gambling Evaluation	90	2025-04-21 14:53:27	2025-04-21 16:06:52	NULL	NULL	1	90	#3f51b5	#0d1025	#4154bd	#c6cbeb	0	0	NULL	NULL	0	0	1
2033	195	SU/MH Evaluation	90	2023-04-21 14:05:21	2025-04-21 16:06:47	NULL	NULL	1	90	#1157e4	#03122f	#115aed	#b7cdf9	0	0	NULL	NULL	0	0	1
2214	106	SU/MH Evaluation	90	2023-08-28 18:02:29	2025-04-21 16:06:34	NULL	NULL	1	90	#1157e4	#03122f	#115aed	#b7cdf9	0	0	NULL	NULL	0	0	1
3052	106	Gambling Evaluation	90	2025-04-21 14:53:27	2025-04-21 16:06:23	NULL	NULL	1	90	#3f51b5	#0d1025	#4154bd	#c6cbeb	0	0	NULL	NULL	0	0	1
3051	106	MH Evaluation	90	2025-04-21 14:53:27	2025-04-21 16:06:20	NULL	NULL	1	90	#9c27b0	#250929	#b92ed0	#eac0f1	0	0	NULL	NULL	0	0	1
3071	257	Gambling Evaluation	90	2025-04-21 14:53:28	2025-04-21 16:05:45	NULL	NULL	1	90	#3f51b5	#0d1025	#4154bd	#c6cbeb	0	0	NULL	NULL	0	0	1
3070	257	MH Evaluation	90	2025-04-21 14:53:28	2025-04-21 16:05:42	NULL	NULL	1	90	#9c27b0	#250929	#b92ed0	#eac0f1	0	0	NULL	NULL	0	0	1
2849	257	SU/MH Evaluation	90	2024-11-19 19:12:56	2025-04-21 16:05:39	NULL	NULL	1	90	#1157e4	#03122f	#115aed	#b7cdf9	0	0	NULL	NULL	0	0	1
3069	256	Gambling Evaluation	90	2025-04-21 14:53:28	2025-04-21 16:05:32	NULL	NULL	1	90	#3f51b5	#0d1025	#4154bd	#c6cbeb	0	0	NULL	NULL	0	0	1
3068	256	MH Evaluation	90	2025-04-21 14:53:28	2025-04-21 16:05:29	NULL	NULL	1	90	#9c27b0	#250929	#b92ed0	#eac0f1	0	0	NULL	NULL	0	0	1
2578	256	SU/MH Evaluation	90	2024-08-15 17:55:26	2025-04-21 16:05:26	NULL	NULL	1	90	#1157e4	#03122f	#115aed	#b7cdf9	0	0	NULL	NULL	0	0	1
3060	173	Gambling Evaluation	90	2025-04-21 14:53:27	2025-04-21 16:05:16	NULL	NULL	1	90	#3f51b5	#0d1025	#4154bd	#c6cbeb	0	0	NULL	NULL	0	0	1
3059	173	OWI Evaluation	90	2025-04-21 14:53:27	2025-04-21 16:05:14	NULL	NULL	1	90	#ffeb3b	#332d00	#ffe400	#fff7b2	0	0	NULL	NULL	0	0	1
1752	173	Paper Medicare Evaluation	60	2022-10-06 15:07:42	2025-04-21 16:05:09	NULL	NULL	1	201	#262121	#1b1717	#887676	#dbd6d6	0	0	NULL	NULL	0	0	1
1745	173	SU/MH Evaluation	90	2022-10-06 13:47:29	2025-04-21 16:05:04	NULL	NULL	1	90	#1157e4	#03122f	#115aed	#b7cdf9	0	0	NULL	NULL	0	0	1
3067	254	Gambling Evaluation	90	2025-04-21 14:53:28	2025-04-21 16:04:54	NULL	NULL	1	90	#3f51b5	#0d1025	#4154bd	#c6cbeb	0	0	NULL	NULL	0	0	1
2679	254	SU/MH Evaluation	60	2024-09-25 17:55:55	2025-04-21 16:04:51	NULL	NULL	1	90	#1157e4	#03122f	#115aed	#b7cdf9	0	0	NULL	NULL	0	0	1
1343	92	Paper Medicare Evaluation	60	2022-07-05 22:42:30	2025-04-21 16:04:22	NULL	NULL	1	201	#262121	#1b1717	#887676	#dbd6d6	0	0	NULL	NULL	0	0	1
1342	92	Medicare Evaluation	60	2022-07-05 22:42:30	2025-04-21 16:04:18	NULL	NULL	1	193	#262121	#1b1717	#887676	#dbd6d6	0	0	NULL	NULL	0	0	1
934	92	SU/MH Evaluation	90	2022-06-24 18:16:17	2025-04-21 16:04:09	NULL	NULL	1	90	#1157e4	#03122f	#115aed	#b7cdf9	0	0	NULL	NULL	0	0	1
399	92	SU Therapy Evaluation	60	2022-06-20 18:02:02	2025-04-21 16:03:58	NULL	NULL	1	90	#ee1b1b	#2f0303	#ed1111	#f9b7b7	0	0	NULL	NULL	0	0	1
3047	87	Gambling Evaluation	90	2025-04-21 14:53:26	2025-04-21 16:03:02	NULL	NULL	1	90	#3f51b5	#0d1025	#4154bd	#c6cbeb	0	0	NULL	NULL	0	0	1
1366	87	Medicare Evaluation	60	2022-07-05 22:49:54	2025-04-21 16:02:53	NULL	NULL	1	193	#262121	#1b1717	#887676	#dbd6d6	0	0	NULL	NULL	0	0	1
1367	87	Paper Medicare Evaluation	60	2022-07-05 22:49:54	2025-04-21 16:02:50	NULL	NULL	1	201	#262121	#1b1717	#887676	#dbd6d6	0	0	NULL	NULL	0	0	1
1360	87	SU/MH Evaluation	90	2022-07-05 22:49:47	2025-04-21 16:02:39	NULL	NULL	1	90	#1157e4	#03122f	#115aed	#b7cdf9	0	0	NULL	NULL	0	0	1
3046	85	Gambling Evaluation	90	2025-04-21 14:53:26	2025-04-21 16:01:50	NULL	NULL	1	90	#3f51b5	#0d1025	#4154bd	#c6cbeb	0	0	NULL	NULL	0	0	1
3045	85	OWI Evaluation	90	2025-04-21 14:53:26	2025-04-21 16:01:46	NULL	NULL	1	90	#ffeb3b	#332d00	#ffe400	#fff7b2	0	0	NULL	NULL	0	0	1
3044	85	MH Evaluation	90	2025-04-21 14:53:26	2025-04-21 16:01:41	NULL	NULL	1	90	#9c27b0	#250929	#b92ed0	#eac0f1	0	0	NULL	NULL	0	0	1
3018	85	SU/MH Evaluation	90	2025-04-18 01:42:44	2025-04-21 16:01:37	NULL	NULL	1	90	#1157e4	#03122f	#115aed	#b7cdf9	0	0	NULL	NULL	0	0	1
3075	264	Gambling Evaluation	90	2025-04-21 14:53:28	2025-04-21 16:01:16	NULL	NULL	1	90	#3f51b5	#0d1025	#4154bd	#c6cbeb	0	0	NULL	NULL	0	0	1
2530	264	SU/MH Evaluation	90	2024-07-22 18:14:39	2025-04-21 16:01:12	NULL	NULL	1	90	#1157e4	#03122f	#115aed	#b7cdf9	0	0	NULL	NULL	0	0	1
2520	264	Intake	60	2024-07-22 17:54:33	2025-04-21 16:01:06	NULL	NULL	1	90	#888888	#191919	#7f7f7f	#d8d8d8	0	0	NULL	NULL	0	0	1
2521	264	Placement Screening	60	2024-07-22 17:55:20	2025-04-21 16:01:03	NULL	NULL	1	90	#3f51b5	#0d1025	#4154bd	#c6cbeb	0	0	NULL	NULL	0	0	1
1911	192	SU/MH Evaluation	90	2023-01-24 19:14:48	2025-04-21 16:00:33	NULL	NULL	1	90	#1157e4	#03122f	#115aed	#b7cdf9	0	0	NULL	NULL	0	0	1
3025	14	Gambling Evaluation	90	2025-04-21 14:53:25	2025-04-21 16:00:11	NULL	NULL	1	90	#3f51b5	#0d1025	#4154bd	#c6cbeb	0	0	NULL	NULL	0	0	1
3024	14	OWI Evaluation	90	2025-04-21 14:53:25	2025-04-21 16:00:09	NULL	NULL	1	90	#ffeb3b	#332d00	#ffe400	#fff7b2	0	0	NULL	NULL	0	0	1
1345	14	SU/MH Evaluation	90	2022-07-05 22:48:01	2025-04-21 16:00:05	NULL	NULL	1	90	#1157e4	#03122f	#115aed	#b7cdf9	0	0	NULL	NULL	0	0	1
1709	12	SU/MH Evaluation	90	2022-09-28 13:21:06	2025-04-21 15:52:50	NULL	NULL	1	90	#1157e4	#03122f	#115aed	#b7cdf9	0	0	NULL	NULL	0	0	1
3023	12	Gambling Evaluation	90	2025-04-21 14:53:25	2025-04-21 15:52:43	NULL	NULL	1	90	#3f51b5	#0d1025	#4154bd	#c6cbeb	0	0	NULL	NULL	0	0	1
3043	82	Gambling Evaluation	90	2025-04-21 14:53:26	2025-04-21 15:52:21	NULL	NULL	1	90	#3f51b5	#0d1025	#4154bd	#c6cbeb	0	0	NULL	NULL	0	0	1
1055	82	SU/MH Evaluation	90	2022-06-24 20:46:34	2025-04-21 15:52:16	NULL	NULL	1	90	#1157e4	#03122f	#115aed	#b7cdf9	0	0	NULL	NULL	0	0	1
3033	26	Gambling Evaluation	90	2025-04-21 14:53:25	2025-04-21 15:52:09	NULL	NULL	1	90	#3f51b5	#0d1025	#4154bd	#c6cbeb	0	0	NULL	NULL	0	0	1
3032	26	OWI Evaluation	90	2025-04-21 14:53:25	2025-04-21 15:52:06	NULL	NULL	1	90	#ffeb3b	#332d00	#ffe400	#fff7b2	0	0	NULL	NULL	0	0	1
3031	26	MH Evaluation	90	2025-04-21 14:53:25	2025-04-21 15:52:04	NULL	NULL	1	90	#9c27b0	#250929	#b92ed0	#eac0f1	0	0	NULL	NULL	0	0	1
1400	26	SU/MH Evaluation	60	2022-07-05 23:00:34	2025-04-21 15:52:01	NULL	NULL	1	90	#1157e4	#03122f	#115aed	#b7cdf9	0	0	NULL	NULL	0	0	1
3042	76	Gambling Evaluation	90	2025-04-21 14:53:26	2025-04-21 15:49:33	NULL	NULL	1	90	#3f51b5	#0d1025	#4154bd	#c6cbeb	0	0	NULL	NULL	0	0	1
620	76	SU/MH Evaluation	90	2022-06-23 21:11:49	2025-04-21 15:49:21	NULL	NULL	1	90	#1157e4	#03122f	#115aed	#b7cdf9	0	0	NULL	NULL	0	0	1
3041	70	Gambling Evaluation	90	2025-04-21 14:53:26	2025-04-21 15:48:42	NULL	NULL	1	90	#3f51b5	#0d1025	#4154bd	#c6cbeb	0	0	NULL	NULL	0	0	1
3040	70	OWI Evaluation	90	2025-04-21 14:53:26	2025-04-21 15:48:39	NULL	NULL	1	90	#ffeb3b	#332d00	#ffe400	#fff7b2	0	0	NULL	NULL	0	0	1
3039	70	MH Evaluation	90	2025-04-21 14:53:26	2025-04-21 15:48:36	NULL	NULL	1	90	#9c27b0	#250929	#b92ed0	#eac0f1	0	0	NULL	NULL	0	0	1
2769	70	SU/MH Evaluation	90	2024-11-08 13:54:48	2025-04-21 15:48:30	NULL	NULL	1	90	#1157e4	#03122f	#115aed	#b7cdf9	0	0	NULL	NULL	0	0	1
3066	249	Gambling Evaluation	90	2025-04-21 14:53:28	2025-04-21 15:48:23	NULL	NULL	1	90	#3f51b5	#0d1025	#4154bd	#c6cbeb	0	0	NULL	NULL	0	0	1
2573	249	SU/MH Evaluation	90	2024-08-15 17:55:19	2025-04-21 15:48:16	NULL	NULL	1	90	#1157e4	#03122f	#115aed	#b7cdf9	0	0	NULL	NULL	0	0	1
3036	43	Gambling Evaluation	90	2025-04-21 14:53:25	2025-04-21 15:32:50	NULL	NULL	1	90	#3f51b5	#0d1025	#4154bd	#c6cbeb	0	0	NULL	NULL	0	0	1
3035	43	OWI Evaluation	90	2025-04-21 14:53:25	2025-04-21 15:32:47	NULL	NULL	1	90	#ffeb3b	#332d00	#ffe400	#fff7b2	0	0	NULL	NULL	0	0	1
3034	43	MH Evaluation	90	2025-04-21 14:53:25	2025-04-21 15:32:43	NULL	NULL	1	90	#9c27b0	#250929	#b92ed0	#eac0f1	0	0	NULL	NULL	0	0	1
3022	43	SU/MH Evaluation	90	2025-04-18 17:13:30	2025-04-21 15:32:40	NULL	NULL	1	90	#1157e4	#03122f	#115aed	#b7cdf9	0	0	NULL	NULL	0	0	1
3082	298	Gambling Evaluation	90	2025-04-21 14:53:28	2025-04-21 15:32:32	NULL	NULL	1	90	#3f51b5	#0d1025	#4154bd	#c6cbeb	0	0	NULL	NULL	0	0	1
3081	298	OWI Evaluation	90	2025-04-21 14:53:28	2025-04-21 15:32:28	NULL	NULL	1	90	#ffeb3b	#332d00	#ffe400	#fff7b2	0	0	NULL	NULL	0	0	1
3080	298	MH Evaluation	90	2025-04-21 14:53:28	2025-04-21 15:32:24	NULL	NULL	1	90	#9c27b0	#250929	#b92ed0	#eac0f1	0	0	NULL	NULL	0	0	1
2759	298	SU/MH Evaluation	90	2024-11-03 23:18:35	2025-04-21 15:32:16	NULL	NULL	1	90	#1157e4	#03122f	#115aed	#b7cdf9	0	0	NULL	NULL	0	0	1
3079	297	Gambling Evaluation	90	2025-04-21 14:53:28	2025-04-21 15:32:04	NULL	NULL	1	90	#3f51b5	#0d1025	#4154bd	#c6cbeb	0	0	NULL	NULL	0	0	1
3078	297	MH Evaluation	90	2025-04-21 14:53:28	2025-04-21 15:32:00	NULL	NULL	1	90	#9c27b0	#250929	#b92ed0	#eac0f1	0	0	NULL	NULL	0	0	1
2749	297	SU/MH Evaluation	90	2024-11-03 23:15:32	2025-04-21 15:31:53	NULL	NULL	1	90	#1157e4	#03122f	#115aed	#b7cdf9	0	0	NULL	NULL	0	0	1
3077	294	Gambling Evaluation	90	2025-04-21 14:53:28	2025-04-21 15:31:33	NULL	NULL	1	90	#3f51b5	#0d1025	#4154bd	#c6cbeb	0	0	NULL	NULL	0	0	1
2732	294	SU/MH Evaluation	90	2024-10-22 18:18:15	2025-04-21 15:31:03	NULL	NULL	1	90	#1157e4	#03122f	#115aed	#b7cdf9	0	0	NULL	NULL	0	0	1
600	46	SU/MH Evaluation	90	2022-06-23 21:00:34	2025-04-21 15:30:36	NULL	NULL	1	90	#1157e4	#03122f	#115aed	#b7cdf9	0	0	NULL	NULL	0	0	1
2568	247	SU/MH Evaluation	90	2024-08-15 17:55:13	2025-04-21 15:30:11	NULL	NULL	1	90	#1157e4	#03122f	#115aed	#b7cdf9	0	0	NULL	NULL	0	0	1
1923	44	SU/MH Evaluation	60	2023-02-13 20:37:56	2025-04-21 15:29:44	NULL	NULL	1	90	#1157e4	#03122f	#115aed	#b7cdf9	0	0	NULL	NULL	0	0	1
3037	44	MH Evaluation	90	2025-04-21 14:53:25	2025-04-21 15:29:40	NULL	NULL	1	90	#9c27b0	#250929	#b92ed0	#eac0f1	0	0	NULL	NULL	0	0	1
3038	44	Gambling Evaluation	90	2025-04-21 14:53:26	2025-04-21 15:29:34	NULL	NULL	1	90	#3f51b5	#0d1025	#4154bd	#c6cbeb	0	0	NULL	NULL	0	0	1
3061	181	Gambling Evaluation	90	2025-04-21 14:53:27	2025-04-21 15:29:19	NULL	NULL	1	90	#3f51b5	#0d1025	#4154bd	#c6cbeb	0	0	NULL	NULL	0	0	1
1793	181	SU/MH Evaluation	60	2022-10-25 20:03:16	2025-04-21 15:29:04	NULL	NULL	1	90	#1157e4	#03122f	#115aed	#b7cdf9	0	0	NULL	NULL	0	0	1
2889	310	OWI Evaluation	90	2025-01-15 15:01:25	2025-04-21 14:53:29	NULL	1	1	90	#e2f202	#2f3200	#ecfc02	#f9feb3	NULL	NULL	NULL	NULL	0	0	1
2566	247	OWI Evaluation	90	2024-08-15 17:55:13	2025-04-21 14:53:28	NULL	1	1	90	#e2f202	#2f3200	#ecfc02	#f9feb3	0	0	NULL	NULL	0	0	1
2567	247	MH Evaluation	90	2024-08-15 17:55:13	2025-04-21 14:53:28	NULL	1	1	90	#ff0000	#330000	#ff0000	#ffb2b2	0	0	NULL	NULL	0	0	1
2569	247	Gambling Evaluation	90	2024-08-15 17:55:13	2025-04-21 14:53:28	NULL	1	1	90	#20b602	#083200	#2cfc02	#bffeb3	0	0	NULL	NULL	0	0	1
2571	249	OWI Evaluation	90	2024-08-15 17:55:19	2025-04-21 14:53:28	NULL	1	1	90	#e2f202	#2f3200	#ecfc02	#f9feb3	0	0	NULL	NULL	0	0	1
2572	249	MH Evaluation	90	2024-08-15 17:55:19	2025-04-21 14:53:28	NULL	1	1	90	#ff0000	#330000	#ff0000	#ffb2b2	0	0	NULL	NULL	0	0	1
2576	256	OWI Evaluation	90	2024-08-15 17:55:26	2025-04-21 14:53:28	NULL	1	1	90	#e2f202	#2f3200	#ecfc02	#f9feb3	0	0	NULL	NULL	0	0	1
2581	259	OWI Evaluation	90	2024-08-15 17:55:33	2025-04-21 14:53:28	NULL	1	1	90	#e2f202	#2f3200	#ecfc02	#f9feb3	0	0	NULL	NULL	0	0	1
2584	259	Gambling Evaluation	90	2024-08-15 17:55:33	2025-04-21 14:53:28	NULL	1	1	90	#20b602	#083200	#2cfc02	#bffeb3	0	0	NULL	NULL	0	0	1
2847	257	OWI Evaluation	90	2024-11-19 19:12:56	2025-04-21 14:53:28	NULL	1	1	90	#e2f202	#2f3200	#ecfc02	#f9feb3	NULL	NULL	NULL	NULL	0	0	1
2628	263	OWI Evaluation	60	2024-08-15 18:30:01	2025-04-21 14:53:28	NULL	1	1	90	#e2f202	#2f3200	#ecfc02	#f9feb3	NULL	NULL	NULL	NULL	0	0	1
2890	310	MH Evaluation	90	2025-01-15 15:01:25	2025-04-21 14:53:28	NULL	1	1	90	#ff0000	#330000	#ff0000	#ffb2b2	NULL	NULL	NULL	NULL	0	0	1
2677	254	OWI Evaluation	60	2024-09-25 17:55:55	2025-04-21 14:53:28	NULL	1	1	90	#e2f202	#2f3200	#ecfc02	#f9feb3	NULL	NULL	NULL	NULL	0	0	1
2678	254	MH Evaluation	60	2024-09-25 17:55:55	2025-04-21 14:53:28	NULL	1	1	90	#ff0000	#330000	#ff0000	#ffb2b2	NULL	NULL	NULL	NULL	0	0	1
2695	291	OWI Evaluation	90	2024-10-08 21:34:03	2025-04-21 14:53:28	NULL	1	1	90	#e2f202	#2f3200	#ecfc02	#f9feb3	NULL	NULL	NULL	NULL	0	0	1
2696	291	MH Evaluation	90	2024-10-08 21:34:03	2025-04-21 14:53:28	NULL	1	1	90	#ff0000	#330000	#ff0000	#ffb2b2	NULL	NULL	NULL	NULL	0	0	1
2730	294	OWI Evaluation	90	2024-10-22 18:18:15	2025-04-21 14:53:28	NULL	1	1	90	#e2f202	#2f3200	#ecfc02	#f9feb3	NULL	NULL	NULL	NULL	0	0	1
2731	294	MH Evaluation	90	2024-10-22 18:18:15	2025-04-21 14:53:28	NULL	1	1	90	#ff0000	#330000	#ff0000	#ffb2b2	NULL	NULL	NULL	NULL	0	0	1
2747	297	OWI Evaluation	90	2024-11-03 23:15:32	2025-04-21 14:53:28	NULL	1	1	90	#e2f202	#2f3200	#ecfc02	#f9feb3	NULL	NULL	NULL	NULL	0	0	1
2528	264	OWI Evaluation	90	2024-07-22 18:14:39	2025-04-21 14:53:28	NULL	1	1	90	#e2f202	#2f3200	#ecfc02	#f9feb3	0	0	NULL	NULL	0	0	1
2529	264	MH Evaluation	90	2024-07-22 18:14:39	2025-04-21 14:53:28	NULL	1	1	90	#ff0000	#330000	#ff0000	#ffb2b2	0	0	NULL	NULL	0	0	1
1792	181	MH Evaluation	60	2022-10-25 20:03:16	2025-04-21 14:53:27	NULL	1	1	90	#ff0000	#330000	#ff0000	#ffb2b2	NULL	NULL	NULL	NULL	0	0	1
1292	135	OWI Evaluation	90	2022-07-05 22:31:48	2025-04-21 14:53:27	NULL	1	1	90	#e2f202	#2f3200	#ecfc02	#f9feb3	0	0	NULL	NULL	0	0	1
1293	135	MH Evaluation	90	2022-07-05 22:31:48	2025-04-21 14:53:27	NULL	1	1	90	#ff0000	#330000	#ff0000	#ffb2b2	0	0	NULL	NULL	0	0	1
1619	139	OWI Evaluation	60	2022-08-16 16:47:09	2025-04-21 14:53:27	NULL	1	1	90	#e2f202	#2f3200	#ecfc02	#f9feb3	NULL	NULL	NULL	NULL	0	0	1
1909	192	OWI Evaluation	90	2023-01-24 19:14:48	2025-04-21 14:53:27	NULL	1	1	90	#e2f202	#2f3200	#ecfc02	#f9feb3	0	0	NULL	NULL	0	0	1
1910	192	MH Evaluation	90	2023-01-24 19:14:48	2025-04-21 14:53:27	NULL	1	1	90	#ff0000	#330000	#ff0000	#ffb2b2	0	0	NULL	NULL	0	0	1
1912	192	Gambling Evaluation	90	2023-01-24 19:14:48	2025-04-21 14:53:27	NULL	1	1	90	#20b602	#083200	#2cfc02	#bffeb3	0	0	NULL	NULL	0	0	1
2212	106	OWI Evaluation	90	2023-08-28 18:02:29	2025-04-21 14:53:27	NULL	1	1	90	#e2f202	#2f3200	#ecfc02	#f9feb3	0	0	NULL	NULL	0	0	1
1744	173	MH Evaluation	90	2022-10-06 13:47:29	2025-04-21 14:53:27	NULL	1	1	90	#ff0000	#330000	#ff0000	#ffb2b2	0	0	NULL	NULL	0	0	1
2031	195	OWI Evaluation	90	2023-04-21 14:05:21	2025-04-21 14:53:27	NULL	1	1	90	#e2f202	#2f3200	#ecfc02	#f9feb3	0	0	NULL	NULL	0	0	1
2032	195	MH Evaluation	90	2023-04-21 14:05:21	2025-04-21 14:53:27	NULL	1	1	90	#ff0000	#330000	#ff0000	#ffb2b2	0	0	NULL	NULL	0	0	1
1791	181	OWI Evaluation	60	2022-10-25 20:03:16	2025-04-21 14:53:27	NULL	1	1	90	#e2f202	#2f3200	#ecfc02	#f9feb3	NULL	NULL	NULL	NULL	0	0	1
1281	46	OWI Evaluation	90	2022-07-05 22:26:04	2025-04-21 14:53:26	NULL	1	1	90	#e2f202	#2f3200	#ecfc02	#f9feb3	0	0	NULL	NULL	0	0	1
1282	46	MH Evaluation	90	2022-07-05 22:26:04	2025-04-21 14:53:26	NULL	1	1	90	#ff0000	#330000	#ff0000	#ffb2b2	0	0	NULL	NULL	0	0	1
1283	46	Gambling Evaluation	90	2022-07-05 22:26:04	2025-04-21 14:53:26	NULL	1	1	90	#20b602	#083200	#2cfc02	#bffeb3	0	0	NULL	NULL	0	0	1
1053	82	OWI Evaluation	90	2022-06-24 20:46:34	2025-04-21 14:53:26	NULL	1	1	90	#e2f202	#2f3200	#ecfc02	#f9feb3	0	0	NULL	NULL	0	0	1
1054	82	MH Evaluation	90	2022-06-24 20:46:34	2025-04-21 14:53:26	NULL	1	1	90	#ff0000	#330000	#ff0000	#ffb2b2	0	0	NULL	NULL	0	0	1
1332	92	OWI Evaluation	90	2022-07-05 22:42:15	2025-04-21 14:53:26	NULL	1	1	90	#e2f202	#2f3200	#ecfc02	#f9feb3	0	0	NULL	NULL	0	0	1
1333	92	Gambling Evaluation	90	2022-07-05 22:42:15	2025-04-21 14:53:26	NULL	1	1	90	#20b602	#083200	#2cfc02	#bffeb3	0	0	NULL	NULL	0	0	1
1358	87	OWI Evaluation	90	2022-07-05 22:49:47	2025-04-21 14:53:26	NULL	1	1	90	#e2f202	#2f3200	#ecfc02	#f9feb3	0	0	NULL	NULL	0	0	1
1359	87	MH Evaluation	90	2022-07-05 22:49:47	2025-04-21 14:53:26	NULL	1	1	90	#ff0000	#330000	#ff0000	#ffb2b2	0	0	NULL	NULL	0	0	1
618	76	OWI Evaluation	90	2022-06-23 21:11:49	2025-04-21 14:53:26	NULL	1	1	90	#e2f202	#2f3200	#ecfc02	#f9feb3	0	0	NULL	NULL	0	0	1
1388	76	MH Evaluation	90	2022-07-05 22:58:11	2025-04-21 14:53:26	NULL	1	1	90	#ff0000	#330000	#ff0000	#ffb2b2	0	0	NULL	NULL	0	0	1
933	92	MH Evaluation	90	2022-06-24 18:16:17	2025-04-21 14:53:26	NULL	1	1	90	#ff0000	#330000	#ff0000	#ffb2b2	0	0	NULL	NULL	0	0	1
1065	16	OWI Evaluation	90	2022-06-24 22:21:16	2025-04-21 14:53:25	NULL	1	1	90	#e2f202	#2f3200	#ecfc02	#f9feb3	0	0	NULL	NULL	0	0	1
1066	16	MH Evaluation	90	2022-06-24 22:21:16	2025-04-21 14:53:25	NULL	1	1	90	#ff0000	#330000	#ff0000	#ffb2b2	0	0	NULL	NULL	0	0	1
1068	16	Gambling Evaluation	90	2022-06-24 22:21:16	2025-04-21 14:53:25	NULL	1	1	90	#20b602	#083200	#2cfc02	#bffeb3	0	0	NULL	NULL	0	0	1
627	14	MH Evaluation	90	2022-06-23 21:14:03	2025-04-21 14:53:25	NULL	1	1	90	#ff0000	#330000	#ff0000	#ffb2b2	0	0	NULL	NULL	0	0	1
1921	44	OWI Evaluation	60	2023-02-13 20:37:56	2025-04-21 14:53:25	NULL	1	1	90	#e2f202	#2f3200	#ecfc02	#f9feb3	NULL	NULL	NULL	NULL	0	0	1
1707	12	OWI Evaluation	90	2022-09-28 13:21:06	2025-04-21 14:53:25	NULL	1	1	90	#e2f202	#2f3200	#ecfc02	#f9feb3	0	0	NULL	NULL	0	0	1
1708	12	MH Evaluation	90	2022-09-28 13:21:06	2025-04-21 14:53:25	NULL	1	1	90	#ff0000	#330000	#ff0000	#ffb2b2	0	0	NULL	NULL	0	0	1
1008	15	MH Evaluation	90	2022-06-24 18:33:13	2025-04-21 14:53:25	NULL	1	1	90	#ff0000	#330000	#ff0000	#ffb2b2	0	0	NULL	NULL	0	0	1
1226	38	Paper SU/MH Evaluation	60	2022-07-05 22:06:29	2025-03-04 14:35:53	NULL	1	1	197	#1157e4	#03122f	#115aed	#b7cdf9	NULL	NULL	NULL	NULL	0	0	1
1227	38	Paper MH Evaluation	60	2022-07-05 22:06:29	2025-03-04 14:35:53	NULL	1	1	199	#ff0000	#330000	#ff0000	#ffb2b2	NULL	NULL	NULL	NULL	0	0	1
1228	38	Paper OWI Evaluation	60	2022-07-05 22:06:29	2025-03-04 14:35:53	NULL	1	1	198	#e2f202	#2f3200	#ecfc02	#f9feb3	NULL	NULL	NULL	NULL	0	0	1
672	106	Individual Therapy-Medicare	60	2022-06-24 14:35:42	2024-09-16 20:36:49	NULL	NULL	1	162	#b7f708	#243101	#b6f707	#e9fcb4	0	0	NULL	NULL	0	0	1
838	71	Individual Therapy-Medicare	60	2022-06-24 17:41:13	2024-08-28 17:51:06	NULL	NULL	1	162	#b7f708	#243101	#b6f707	#e9fcb4	0	0	NULL	NULL	0	0	1
1578	46	MH Individual Therapy	60	2022-08-08 16:52:29	2024-08-02 13:46:58	NULL	NULL	1	29	#b7f708	#243101	#b6f707	#e9fcb4	0	0	NULL	NULL	0	0	1
1814	149	Paper SU/MH Evaluation	60	2022-11-01 20:12:41	2024-07-22 18:14:38	NULL	1	1	197	#1157e4	#03122f	#115aed	#b7cdf9	NULL	NULL	NULL	NULL	0	0	1
1816	149	Paper OWI Evaluation	60	2022-11-01 20:12:41	2024-07-22 18:14:38	NULL	1	1	198	#e2f202	#2f3200	#ecfc02	#f9feb3	NULL	NULL	NULL	NULL	0	0	1
2320	213	Esketamine Return	30	2023-12-18 21:36:16	2024-05-23 12:21:34	NULL	NULL	1	103	#888888	#191919	#7f7f7f	#d8d8d8	0	0	NULL	NULL	0	0	1
2321	31	Spravato Return Visit	60	2023-12-19 22:09:24	2024-05-23 12:19:32	NULL	NULL	1	103	#8bc34a	#1a260c	#84bf3f	#daebc5	0	0	NULL	NULL	0	0	1
1200	125	Paper SU/MH Evaluation	60	2022-07-05 22:04:58	2024-01-15 19:33:32	NULL	NULL	1	197	#1157e4	#03122f	#115aed	#b7cdf9	0	0	NULL	NULL	0	0	1
1201	125	Paper MH Evaluation	60	2022-07-05 22:04:58	2024-01-15 19:33:28	NULL	NULL	1	199	#ff0000	#330000	#ff0000	#ffb2b2	0	0	NULL	NULL	0	0	1
1215	150	Paper SU/MH Evaluation	60	2022-07-05 22:04:59	2024-01-15 19:32:58	NULL	NULL	1	197	#1157e4	#03122f	#115aed	#b7cdf9	0	0	NULL	NULL	0	0	1
1216	150	Paper MH Evaluation	60	2022-07-05 22:04:59	2024-01-15 19:32:54	NULL	NULL	1	199	#ff0000	#330000	#ff0000	#ffb2b2	0	0	NULL	NULL	0	0	1
1217	150	Paper OWI Evaluation	60	2022-07-05 22:04:59	2024-01-15 19:32:52	NULL	NULL	1	198	#e2f202	#2f3200	#ecfc02	#f9feb3	0	0	NULL	NULL	0	0	1
1195	117	Paper SU/MH Evaluation	60	2022-07-05 22:04:58	2024-01-15 19:32:44	NULL	NULL	1	197	#1157e4	#03122f	#115aed	#b7cdf9	0	0	NULL	NULL	0	0	1
1197	117	Paper OWI Evaluation	60	2022-07-05 22:04:58	2024-01-15 19:32:36	NULL	NULL	1	198	#e2f202	#2f3200	#ecfc02	#f9feb3	0	0	NULL	NULL	0	0	1
1179	81	Paper MH Evaluation	60	2022-07-05 22:04:58	2024-01-15 19:27:46	NULL	NULL	1	199	#ff0000	#330000	#ff0000	#ffb2b2	0	0	NULL	NULL	0	0	1
1323	71	Paper SU/MH Evaluation	60	2022-07-05 22:39:54	2024-01-15 19:26:56	NULL	NULL	1	197	#1157e4	#03122f	#115aed	#b7cdf9	0	0	NULL	NULL	0	0	1
1324	71	Paper MH Evaluation	60	2022-07-05 22:39:54	2024-01-15 19:26:53	NULL	NULL	1	199	#ff0000	#330000	#ff0000	#ffb2b2	0	0	NULL	NULL	0	0	1
1616	54	Paper SU/MH Evaluation	60	2022-08-15 21:27:55	2024-01-15 19:25:26	NULL	NULL	1	197	#1157e4	#03122f	#115aed	#b7cdf9	0	0	NULL	NULL	0	0	1
1783	182	Paper SU/MH Evaluation	60	2022-10-25 20:01:37	2024-01-15 19:25:10	NULL	NULL	1	197	#1157e4	#03122f	#115aed	#b7cdf9	0	0	NULL	NULL	0	0	1
1785	182	Paper OWI Evaluation	60	2022-10-25 20:01:37	2024-01-15 19:25:01	NULL	NULL	1	198	#e2f202	#2f3200	#ecfc02	#f9feb3	0	0	NULL	NULL	0	0	1
2072	201	Paper SU/MH Evaluation	60	2023-06-19 15:33:38	2024-01-15 19:21:35	NULL	NULL	1	197	#1157e4	#03122f	#115aed	#b7cdf9	0	0	NULL	NULL	0	0	1
2073	201	Paper MH Evaluation	60	2023-06-19 15:33:38	2024-01-15 19:21:29	NULL	NULL	1	199	#ff0000	#330000	#ff0000	#ffb2b2	0	0	NULL	NULL	0	0	1
2074	201	Paper OWI Evaluation	60	2023-06-19 15:33:38	2024-01-15 19:21:14	NULL	NULL	1	198	#e2f202	#2f3200	#ecfc02	#f9feb3	0	0	NULL	NULL	0	0	1
1644	143	Hospital Follow-up	30	2022-08-17 19:39:38	2023-03-30 20:57:55	NULL	NULL	1	99	#0f54f5	#021030	#0a50f4	#b5cafb	0	0	NULL	NULL	0	0	1
1643	143	Hospital Evaluation	60	2022-08-17 19:39:38	2023-03-30 20:57:52	NULL	NULL	1	98	#6c33d7	#14082a	#6529d5	#d0bff2	0	0	NULL	NULL	0	0	1
1642	141	Hospital Follow-up	30	2022-08-17 19:39:38	2023-03-30 20:56:31	NULL	NULL	1	99	#0f54f5	#021030	#0a50f4	#b5cafb	0	0	NULL	NULL	0	0	1
1832	183	Hospital Evaluation	60	2022-11-22 17:41:00	2023-03-30 20:55:47	NULL	NULL	1	98	#6c33d7	#14082a	#6529d5	#d0bff2	0	0	NULL	NULL	0	0	1
1833	183	Hospital Follow-up	30	2022-11-22 17:41:00	2023-03-30 20:55:43	NULL	NULL	1	99	#0f54f5	#021030	#0a50f4	#b5cafb	0	0	NULL	NULL	0	0	1
1645	144	Hospital Evaluation	60	2022-08-17 19:39:38	2023-03-30 20:54:34	NULL	NULL	1	98	#6c33d7	#14082a	#6529d5	#d0bff2	0	0	NULL	NULL	0	0	1
903	30	Adult Psych Followup	60	2022-06-24 18:11:21	2022-08-11 15:14:18	NULL	NULL	1	97	#126e4a	#072b1d	#23db93	#bdf4de	0	0	NULL	NULL	0	0	1
1459	150	MH OP Therapy Note	60	2022-07-12 14:04:14	2022-08-08 18:03:00	NULL	NULL	1	216	#3cb1ec	#04202e	#16a2e8	#b9e3f8	0	0	NULL	NULL	0	0	1
1456	16	MH OP Therapy Note	60	2022-07-11 21:11:27	2022-08-08 18:01:35	NULL	NULL	1	216	#3cb1ec	#04202e	#16a2e8	#b9e3f8	0	0	NULL	NULL	0	0	1
1450	15	MH OP Therapy Note	60	2022-07-11 21:07:46	2022-08-08 18:00:11	NULL	NULL	1	216	#3cb1ec	#04202e	#16a2e8	#b9e3f8	0	0	NULL	NULL	0	0	1
1460	125	MH OP Therapy Note	60	2022-07-12 19:58:20	2022-08-08 17:58:35	NULL	NULL	1	216	#3cb1ec	#04202e	#16a2e8	#b9e3f8	0	0	NULL	NULL	0	0	1
1454	92	MH OP Therapy Note	60	2022-07-11 21:10:28	2022-08-08 17:56:02	NULL	NULL	1	216	#3cb1ec	#04202e	#16a2e8	#b9e3f8	0	0	NULL	NULL	0	0	1
1455	87	MH OP Therapy Note	60	2022-07-11 21:10:57	2022-08-08 17:54:21	NULL	NULL	1	216	#3cb1ec	#04202e	#16a2e8	#b9e3f8	0	0	NULL	NULL	0	0	1
1560	82	MH OP Therapy Note (Medicare)	60	2022-07-21 19:24:07	2022-08-08 17:51:14	NULL	NULL	1	162	#888888	#191919	#7f7f7f	#d8d8d8	0	0	NULL	NULL	0	0	1
1449	82	MH OP Therapy Note	60	2022-07-11 21:05:56	2022-08-08 17:51:05	NULL	NULL	1	216	#3cb1ec	#04202e	#16a2e8	#b9e3f8	0	0	NULL	NULL	0	0	1
1458	81	MH OP Therapy Note	60	2022-07-11 21:14:22	2022-08-08 17:49:09	NULL	NULL	1	216	#3cb1ec	#04202e	#16a2e8	#b9e3f8	0	0	NULL	NULL	0	0	1
1448	71	MH OP Therapy Note	60	2022-07-11 19:47:00	2022-08-08 17:37:53	NULL	NULL	1	216	#3cb1ec	#04202e	#16a2e8	#b9e3f8	0	0	NULL	NULL	0	0	1
1457	69	MH OP Therapy Note	60	2022-07-11 21:13:33	2022-08-08 17:37:21	NULL	NULL	1	216	#3cb1ec	#04202e	#16a2e8	#b9e3f8	0	0	NULL	NULL	0	0	1
1451	14	MH OP Therapy Note	60	2022-07-11 21:08:10	2022-08-08 16:27:30	NULL	NULL	1	216	#3cb1ec	#04202e	#16a2e8	#b9e3f8	0	0	NULL	NULL	0	0	1
71	46	Intake	60	2022-05-06 17:02:14	2022-07-18 19:41:45	NULL	NULL	1	90	#d27f7f	#250d0d	#bc4242	#ebc6c6	0	0	NULL	NULL	0	0	1
1465	53	Non-ICM ProgNote-Billable	60	2022-07-12 21:11:40	2022-07-15 15:41:09	NULL	NULL	1	151	#6f9cd8	#0a1728	#3675c8	#c2d5ee	0	0	NULL	NULL	0	0	1
1152	53	ICM ProgNote-Billable	60	2022-07-05 15:38:33	2022-07-15 15:41:04	NULL	NULL	1	151	#6f9cd8	#0a1728	#3675c8	#c2d5ee	0	0	NULL	NULL	0	0	1
588	53	IHH ICM Monthly Billable Contact	60	2022-06-23 16:21:05	2022-07-15 15:40:50	NULL	NULL	1	34	#f10909	#310101	#f50909	#fcb5b5	0	0	NULL	NULL	0	0	1
1464	20	Non-ICM ProgNote-Billable	60	2022-07-12 21:11:40	2022-07-15 15:38:37	NULL	NULL	1	151	#6f9cd8	#0a1728	#3675c8	#c2d5ee	0	0	NULL	NULL	0	0	1
1461	20	ICM ProgNote-Billable	60	2022-07-12 20:22:54	2022-07-15 15:38:33	NULL	NULL	1	151	#6f9cd8	#0a1728	#3675c8	#c2d5ee	0	0	NULL	NULL	0	0	1
331	20	IHH ICM Monthly Billable Contact	60	2022-05-24 16:12:10	2022-07-15 15:37:47	NULL	NULL	1	34	#f10909	#310101	#f50909	#fcb5b5	0	0	NULL	NULL	0	0	1
329	65	IHH ICM Monthly Billable Contact	60	2022-05-24 16:11:26	2022-07-15 15:37:20	NULL	NULL	1	34	#f10909	#310101	#f50909	#fcb5b5	0	0	NULL	NULL	0	0	1
1468	109	Non-ICM ProgNote-Billable	60	2022-07-12 21:11:40	2022-07-15 15:36:43	NULL	NULL	1	151	#6f9cd8	#0a1728	#3675c8	#c2d5ee	0	0	NULL	NULL	0	0	1
1153	109	ICM ProgNote-Billable	60	2022-07-05 15:38:33	2022-07-15 15:36:38	NULL	NULL	1	151	#6f9cd8	#0a1728	#3675c8	#c2d5ee	0	0	NULL	NULL	0	0	1
336	109	IHH ICM Monthly Billable Contact	60	2022-05-24 16:13:51	2022-07-15 15:36:34	NULL	NULL	1	34	#f10909	#310101	#f50909	#fcb5b5	0	0	NULL	NULL	0	0	1
352	136	IHH ICM Monthly Billable Contact	60	2022-06-03 14:48:39	2022-07-15 15:36:03	NULL	NULL	1	34	#f10909	#310101	#f50909	#fcb5b5	0	0	NULL	NULL	0	0	1
325	107	IHH ICM Monthly Billable Contact	60	2022-05-24 16:09:09	2022-07-15 15:35:45	NULL	NULL	1	34	#f10909	#310101	#f50909	#fcb5b5	0	0	NULL	NULL	0	0	1
327	55	IHH ICM Monthly Billable Contact	60	2022-05-24 16:10:45	2022-07-15 15:35:18	NULL	NULL	1	34	#f10909	#310101	#f50909	#fcb5b5	0	0	NULL	NULL	0	0	1
343	122	IHH ICM Monthly Billable Contact	60	2022-05-24 16:15:47	2022-07-15 15:34:49	NULL	NULL	1	34	#f10909	#310101	#f50909	#fcb5b5	0	0	NULL	NULL	0	0	1
323	23	IHH ICM Monthly Billable Contact	60	2022-05-24 16:01:44	2022-07-15 15:34:29	NULL	NULL	1	34	#f10909	#310101	#f50909	#fcb5b5	0	0	NULL	NULL	0	0	1
341	116	IHH ICM Monthly Billable Contact	60	2022-05-24 16:15:25	2022-07-15 15:34:00	NULL	NULL	1	34	#f10909	#310101	#f50909	#fcb5b5	0	0	NULL	NULL	0	0	1
333	83	IHH ICM Monthly Billable Contact	60	2022-05-24 16:13:03	2022-07-15 15:31:29	NULL	NULL	1	34	#f10909	#310101	#f50909	#fcb5b5	0	0	NULL	NULL	0	0	1
335	93	IHH ICM Monthly Billable Contact	60	2022-05-24 16:13:27	2022-07-15 15:22:03	NULL	NULL	1	34	#f10909	#310101	#f50909	#fcb5b5	0	0	NULL	NULL	0	0	1
1467	93	Non-ICM ProgNote-Billable	60	2022-07-12 21:11:40	2022-07-15 15:21:36	NULL	NULL	1	151	#6f9cd8	#0a1728	#3675c8	#c2d5ee	0	0	NULL	NULL	0	0	1
1462	93	ICM ProgNote-Billable	60	2022-07-12 21:05:07	2022-07-15 15:21:27	NULL	NULL	1	151	#6f9cd8	#0a1728	#3675c8	#c2d5ee	0	0	NULL	NULL	0	0	1
1128	76	Individual Therapy-Medicare	60	2022-06-28 20:00:05	2022-07-05 22:57:28	NULL	NULL	1	162	#b7f708	#243101	#b6f707	#e9fcb4	0	0	NULL	NULL	0	0	1
1125	46	Individual Therapy-Medicare	60	2022-06-28 20:00:05	2022-07-01 18:41:09	NULL	NULL	1	162	#b7f708	#243101	#b6f707	#e9fcb4	0	0	NULL	NULL	0	0	1
443	71	Adult Psych Eval (Renew)	60	2022-06-21 14:33:26	2022-06-29 15:57:45	NULL	NULL	1	89	#45daf7	#022930	#0acef4	#b5f0fb	0	0	NULL	NULL	0	0	1
444	71	Adol Psych Eval (Renew) 	60	2022-06-21 14:33:26	2022-06-29 15:57:33	NULL	NULL	1	98	#f59132	#301802	#f37c0b	#fbd7b6	0	0	NULL	NULL	0	0	1
402	135	SU Therapy Evaluation	60	2022-06-20 18:02:02	2022-06-24 18:39:16	NULL	NULL	1	90	#ee1b1b	#2f0303	#ed1111	#f9b7b7	0	0	NULL	NULL	0	0	1
403	147	SU Therapy Evaluation	60	2022-06-20 18:02:02	2022-06-24 18:37:48	NULL	NULL	1	90	#ee1b1b	#2f0303	#ed1111	#f9b7b7	0	0	NULL	NULL	0	0	1
401	125	SU Therapy Evaluation	60	2022-06-20 18:02:02	2022-06-24 18:36:04	NULL	NULL	1	90	#ee1b1b	#2f0303	#ed1111	#f9b7b7	0	0	NULL	NULL	0	0	1
307	125	Therapy Evaluation	60	2022-05-06 18:14:15	2022-06-24 18:35:52	NULL	NULL	1	93	#ee1b1b	#2f0303	#ed1111	#f9b7b7	0	0	NULL	NULL	0	0	1
306	125	Intake	60	2022-05-06 18:14:09	2022-06-24 18:35:48	NULL	NULL	1	90	#d27f7f	#250d0d	#bc4242	#ebc6c6	0	0	NULL	NULL	0	0	1
300	124	Initial Med Exam	60	2022-05-06 18:13:11	2022-06-24 18:34:38	NULL	NULL	1	36	#e8eb1e	#2e2e04	#e7ea14	#f7f8b8	0	0	NULL	NULL	0	0	1
24	15	Intake	60	2022-02-04 18:57:59	2022-06-24 18:32:13	NULL	NULL	1	90	#888888	#191919	#7f7f7f	#d8d8d8	0	0	NULL	NULL	0	0	1
285	16	Therapy Evaluation	60	2022-05-06 18:10:14	2022-06-24 18:30:09	NULL	NULL	1	93	#ee1b1b	#2f0303	#ed1111	#f9b7b7	0	0	NULL	NULL	0	0	1
21	16	Intake	120	2022-02-04 18:56:41	2022-06-24 18:29:56	NULL	NULL	1	90	#f014aa	#2f0321	#ef0fa8	#fab7e4	0	0	NULL	NULL	0	0	1
471	150	SU Therapy Evaluation	60	2022-06-21 16:30:07	2022-06-24 18:27:48	NULL	NULL	1	90	#1b5aee	#03102f	#1153ed	#b7cbf9	0	0	NULL	NULL	0	0	1
400	117	SU Therapy Evaluation	60	2022-06-20 18:02:02	2022-06-24 18:26:39	NULL	NULL	1	90	#ee1b1b	#2f0303	#ed1111	#f9b7b7	0	0	NULL	NULL	0	0	1
398	87	SU Therapy Evaluation	60	2022-06-20 18:02:02	2022-06-24 18:20:35	NULL	NULL	1	90	#ee1b1b	#2f0303	#ed1111	#f9b7b7	0	0	NULL	NULL	0	0	1
212	88	Discharge	30	2022-05-06 17:43:01	2022-06-24 18:19:47	NULL	NULL	1	37	#888888	#191919	#7f7f7f	#d8d8d8	0	0	NULL	NULL	0	0	1
210	88	Med Follow-up Visit	30	2022-05-06 17:43:01	2022-06-24 18:19:39	NULL	NULL	1	97	#888888	#191919	#7f7f7f	#d8d8d8	0	0	NULL	NULL	0	0	1
209	88	Psych Evaluation	60	2022-05-06 17:43:01	2022-06-24 18:19:36	NULL	NULL	1	89	#878787	#191919	#7f7f7f	#d8d8d8	0	0	NULL	NULL	0	0	1
225	89	Medical Follow-up	30	2022-05-06 17:44:19	2022-06-24 18:19:01	NULL	NULL	1	15	#dcd509	#302f02	#f4ed0a	#fbf9b5	0	0	NULL	NULL	0	0	1
228	92	Intake	60	2022-05-06 17:45:51	2022-06-24 18:15:30	NULL	NULL	1	90	#d27f7f	#250d0d	#bc4242	#ebc6c6	0	0	NULL	NULL	0	0	1
249	144	Discharge	30	2022-05-06 18:01:55	2022-06-24 18:02:27	NULL	NULL	1	37	#888888	#191919	#7f7f7f	#d8d8d8	0	0	NULL	NULL	0	0	1
246	144	Psych Evaluation	60	2022-05-06 18:01:54	2022-06-24 18:02:20	NULL	NULL	1	89	#878787	#191919	#7f7f7f	#d8d8d8	0	0	NULL	NULL	0	0	1
247	144	Med Follow-up Visit	30	2022-05-06 18:01:54	2022-06-24 18:02:17	NULL	NULL	1	97	#888888	#191919	#7f7f7f	#d8d8d8	0	0	NULL	NULL	0	0	1
256	143	Discharge	30	2022-05-06 18:03:59	2022-06-24 18:00:33	NULL	NULL	1	37	#888888	#191919	#7f7f7f	#d8d8d8	0	0	NULL	NULL	0	0	1
181	81	Therapy Evaluation	60	2022-05-06 17:38:47	2022-06-24 17:54:23	NULL	NULL	1	93	#ee1b1b	#2f0303	#ed1111	#f9b7b7	0	0	NULL	NULL	0	0	1
388	26	SU Therapy Evaluation	60	2022-06-20 18:02:02	2022-06-24 17:51:08	NULL	NULL	1	90	#ee1b1b	#2f0303	#ed1111	#f9b7b7	0	0	NULL	NULL	0	0	1
394	76	SU Therapy Evaluation	60	2022-06-20 18:02:02	2022-06-24 17:45:41	NULL	NULL	1	90	#ee1b1b	#2f0303	#ed1111	#f9b7b7	0	0	NULL	NULL	0	0	1
118	30	Psych Evaluation	60	2022-05-06 17:24:49	2022-06-24 17:42:47	NULL	NULL	1	89	#878787	#191919	#7f7f7f	#d8d8d8	0	0	NULL	NULL	0	0	1
116	30	Medical Follow-up	30	2022-05-06 17:24:25	2022-06-24 17:42:35	NULL	NULL	1	15	#dcd509	#302f02	#f4ed0a	#fbf9b5	0	0	NULL	NULL	0	0	1
114	30	Initial Med Exam	60	2022-05-06 17:24:25	2022-06-24 17:42:27	NULL	NULL	1	36	#e8eb1e	#2e2e04	#e7ea14	#f7f8b8	0	0	NULL	NULL	0	0	1
447	71	SU Therapy Evaluation	60	2022-06-21 14:33:34	2022-06-24 17:40:45	NULL	NULL	1	90	#1b5aee	#03102f	#1153ed	#b7cbf9	0	0	NULL	NULL	0	0	1
491	17	Placement Screening	60	2022-06-21 16:43:28	2022-06-24 17:36:00	NULL	NULL	1	90	#4173e6	#05112d	#1d58e1	#bbcdf6	0	0	NULL	NULL	0	0	1
107	17	Individual Therapy	60	2022-05-06 17:18:30	2022-06-24 17:35:41	NULL	NULL	1	29	#98c3ec	#07192b	#2781d7	#bed9f3	0	0	NULL	NULL	0	0	1
106	17	Therapy Evaluation	60	2022-05-06 17:18:30	2022-06-24 17:35:38	NULL	NULL	1	93	#ee1b1b	#2f0303	#ed1111	#f9b7b7	0	0	NULL	NULL	0	0	1
391	69	SU Therapy Evaluation	60	2022-06-20 18:02:02	2022-06-24 17:33:39	NULL	NULL	1	90	#ee1b1b	#2f0303	#ed1111	#f9b7b7	0	0	NULL	NULL	0	0	1
467	54	Individual Therapy	60	2022-06-21 16:29:34	2022-06-24 17:14:37	NULL	NULL	1	29	#b7f708	#243101	#b6f707	#e9fcb4	0	0	NULL	NULL	0	0	1
461	156	SU Therapy Evaluation	60	2022-06-21 16:29:02	2022-06-24 17:13:17	NULL	NULL	1	90	#1b5aee	#03102f	#1153ed	#b7cbf9	0	0	NULL	NULL	0	0	1
479	44	SU Therapy Evaluation	60	2022-06-21 16:35:17	2022-06-24 17:04:35	NULL	NULL	1	90	#1b5aee	#03102f	#1153ed	#b7cbf9	0	0	NULL	NULL	0	0	1
385	14	SU Therapy Evaluation	60	2022-06-20 18:02:02	2022-06-23 21:13:52	NULL	NULL	1	90	#ee1b1b	#2f0303	#ed1111	#f9b7b7	0	0	NULL	NULL	0	0	1
196	14	Therapy Evaluation	60	2022-05-06 17:40:40	2022-06-23 21:13:44	NULL	NULL	1	93	#ee1b1b	#2f0303	#ed1111	#f9b7b7	0	0	NULL	NULL	0	0	1
392	74	SU Therapy Evaluation	60	2022-06-20 18:02:02	2022-06-23 21:12:46	NULL	NULL	1	90	#ee1b1b	#2f0303	#ed1111	#f9b7b7	0	0	NULL	NULL	0	0	1
132	75	Intake	60	2022-05-06 17:28:51	2022-06-23 21:09:36	NULL	NULL	1	90	#d27f7f	#250d0d	#bc4242	#ebc6c6	0	0	NULL	NULL	0	0	1
397	84	SU Therapy Evaluation	60	2022-06-20 18:02:02	2022-06-23 21:09:04	NULL	NULL	1	90	#ee1b1b	#2f0303	#ed1111	#f9b7b7	0	0	NULL	NULL	0	0	1
390	56	SU Therapy Evaluation	60	2022-06-20 18:02:02	2022-06-23 21:08:01	NULL	NULL	1	90	#ee1b1b	#2f0303	#ed1111	#f9b7b7	0	0	NULL	NULL	0	0	1
389	46	SU Therapy Evaluation	60	2022-06-20 18:02:02	2022-06-23 21:03:45	NULL	NULL	1	90	#ee1b1b	#2f0303	#ed1111	#f9b7b7	0	0	NULL	NULL	0	0	1
